{
  "records": [
    {
      "onboardingId": "BE4A3CEB-8DDE-498A-BA24-DF100B83FE52",
      "taxNo": "0448340448",
      "companyName": "ADENEME LİMİTED ŞİRKETİ",
      "email": "adeneme@gmail.com",
      "createdAt": "2025-07-21T17:36:24.058Z"
    },
    {
      "onboardingId": "1D6C5A21-F112-4559-8E77-27D49E744ED0",
      "taxNo": "5221622924",
      "companyName": "Bdeneme Anonim Şirketi",
      "email": "bdeneme@gmail.com",
      "createdAt": "2025-07-21T20:58:42.145Z"
    },
    {
      "onboardingId": "E98A70AF-D43F-4189-9DE3-74BC7AAA18C5",
      "taxNo": "0939147766",
      "companyName": "D.E.N.E.M.E Limited Şirketi",
      "email": "alpmetin@gmail.com",
      "createdAt": "2025-07-21T21:24:55.268Z"
    },
    {
      "onboardingId": "C22833DA-F17B-40AD-A621-42236EC80F16",
      "taxNo": "5763207530",
      "companyName": "Deneme Anonim Şirketi",
      "email": "cdeneme@gmail.com",
      "createdAt": "2025-07-21T21:34:29.111Z"
    }
  ]
}